name,label
img_hod_001986.jpg,1
img_hod_001987.jpg,1
img_hod_001991.jpg,1
img_hod_001992.jpg,1
img_hod_001993.jpg,1
img_hod_001996.jpg,1
img_hod_001997.jpg,1
img_hod_001998.jpg,1
img_hod_001999.jpg,1
img_hod_002000.jpg,1
img_hod_002001.jpg,1
img_hod_002004.jpg,1
img_hod_002005.jpg,1
img_hod_002006.jpg,1
img_hod_002007.jpg,1
img_hod_002010.jpg,1
img_hod_002011.jpg,1
img_hod_002012.jpg,1
img_hod_002013.jpg,1
img_hod_002014.jpg,1
img_hod_002015.jpg,1
img_hod_002017.jpg,1
img_hod_002018.jpg,1
img_hod_002020.jpg,1
img_hod_002023.jpg,1
img_hod_002026.jpg,1
img_hod_002027.jpg,1
img_hod_002028.jpg,1
img_hod_002029.jpg,1
img_hod_002030.jpg,1
img_hod_002031.jpg,1
img_hod_002032.jpg,1
img_hod_002033.jpg,1
img_hod_002034.jpg,1
img_hod_002036.jpg,1
img_hod_002037.jpg,1
img_hod_002038.jpg,1
img_hod_002039.jpg,1
img_hod_002040.jpg,1
img_hod_002041.jpg,1
img_hod_002042.jpg,1
img_hod_002045.jpg,1
img_hod_002048.jpg,1
img_hod_002050.jpg,1
img_hod_002051.jpg,1
img_hod_002056.jpg,1
img_hod_002057.jpg,1
img_hod_002058.jpg,1
img_hod_002059.jpg,1
img_hod_009625.jpg,1
img_hod_009628.jpg,1
img_hod_009629.jpg,1
img_hod_009630.jpg,1
img_hod_009631.jpg,1
img_hod_009632.jpg,1
img_hod_009633.jpg,1
img_hod_009634.jpg,1
img_hod_009635.jpg,1
img_hod_009636.jpg,1
img_hod_009637.jpg,1
img_hod_009638.jpg,1
img_hod_009639.jpg,1
img_hod_009641.jpg,1
img_hod_009642.jpg,1
img_hod_009643.jpg,1
img_hod_009645.jpg,1
img_hod_009646.jpg,1
img_hod_009647.jpg,1
img_hod_009648.jpg,1
img_hod_009649.jpg,1
img_hod_009650.jpg,1
img_hod_009651.jpg,1
img_hod_009656.jpg,1
img_hod_009659.jpg,1
img_hod_009664.jpg,1
img_hod_009666.jpg,1
img_hod_009667.jpg,1
img_hod_009668.jpg,1
img_hod_009669.jpg,1
img_hod_009670.jpg,1
img_hod_009671.jpg,1
img_hod_009673.jpg,1
img_hod_009674.jpg,1
img_hod_009675.jpg,1
img_hod_009677.jpg,1
img_hod_009679.jpg,1
img_hod_009680.jpg,1
img_hod_009685.jpg,1
img_hod_009687.jpg,1
img_hod_009688.jpg,1
img_hod_009690.jpg,1
img_hod_009692.jpg,1
img_hod_009693.jpg,1
img_hod_009694.jpg,1
img_hod_009695.jpg,1
img_hod_009696.jpg,1
img_hod_009697.jpg,1
img_hod_009700.jpg,1
img_hod_009702.jpg,1
img_hod_009706.jpg,1
VOC2007_104.jpg,0
VOC2007_109.jpg,0
VOC2007_12.jpg,0
VOC2007_129.jpg,0
VOC2007_145.jpg,0
VOC2007_146.jpg,0
VOC2007_148.jpg,0
VOC2007_176.jpg,0
VOC2007_18.jpg,0
VOC2007_186.jpg,0
VOC2007_20.jpg,0
VOC2007_201.jpg,0
VOC2007_203.jpg,0
VOC2007_212.jpg,0
VOC2007_226.jpg,0
VOC2007_228.jpg,0
VOC2007_232.jpg,0
VOC2007_233.jpg,0
VOC2007_240.jpg,0
VOC2007_261.jpg,0
VOC2007_267.jpg,0
VOC2007_270.jpg,0
VOC2007_291.jpg,0
VOC2007_292.jpg,0
VOC2007_296.jpg,0
VOC2007_308.jpg,0
VOC2007_31.jpg,0
VOC2007_312.jpg,0
VOC2007_313.jpg,0
VOC2007_314.jpg,0
VOC2007_321.jpg,0
VOC2007_322.jpg,0
VOC2007_327.jpg,0
VOC2007_329.jpg,0
VOC2007_331.jpg,0
VOC2007_332.jpg,0
VOC2007_334.jpg,0
VOC2007_335.jpg,0
VOC2007_337.jpg,0
VOC2007_339.jpg,0
VOC2007_340.jpg,0
VOC2007_344.jpg,0
VOC2007_345.jpg,0
VOC2007_346.jpg,0
VOC2007_350.jpg,0
VOC2007_351.jpg,0
VOC2007_352.jpg,0
VOC2007_357.jpg,0
VOC2007_363.jpg,0
VOC2007_365.jpg,0
VOC2007_367.jpg,0
VOC2007_370.jpg,0
VOC2007_372.jpg,0
VOC2007_382.jpg,0
VOC2007_383.jpg,0
VOC2007_384.jpg,0
VOC2007_385.jpg,0
VOC2007_386.jpg,0
VOC2007_389.jpg,0
VOC2007_391.jpg,0
VOC2007_392.jpg,0
VOC2007_394.jpg,0
VOC2007_396.jpg,0
VOC2007_400.jpg,0
VOC2007_402.jpg,0
VOC2007_403.jpg,0
VOC2007_405.jpg,0
VOC2007_407.jpg,0
VOC2007_408.jpg,0
VOC2007_410.jpg,0
VOC2007_413.jpg,0
VOC2007_420.jpg,0
VOC2007_425.jpg,0
VOC2007_428.jpg,0
VOC2007_431.jpg,0
VOC2007_432.jpg,0
VOC2007_433.jpg,0
VOC2007_440.jpg,0
VOC2007_442.jpg,0
VOC2007_447.jpg,0
VOC2007_449.jpg,0
VOC2007_450.jpg,0
VOC2007_452.jpg,0
VOC2007_454.jpg,0
VOC2007_455.jpg,0
VOC2007_457.jpg,0
VOC2007_52.jpg,0
VOC2007_55.jpg,0
VOC2007_56.jpg,0
VOC2007_57.jpg,0
VOC2007_6.jpg,0
VOC2007_61.jpg,0
VOC2007_64.jpg,0
VOC2007_68.jpg,0
VOC2007_7.jpg,0
VOC2007_71.jpg,0
VOC2007_74.jpg,0
VOC2007_78.jpg,0
VOC2007_85.jpg,0
VOC2007_96.jpg,0
